{
  "model": "gemini-3.1-pro-preview",
  "split": "test",
  "n": 700,
  "wc": {
    "accuracy": 0.7571428571428571,
    "macro_f1": 0.7584683486157903,
    "confusion_matrix": [
      [
        92,
        0,
        5,
        0,
        1,
        0,
        0,
        2
      ],
      [
        1,
        99,
        0,
        0,
        0,
        0,
        0,
        0
      ],
      [
        26,
        0,
        72,
        1,
        0,
        0,
        0,
        1
      ],
      [
        6,
        4,
        56,
        34,
        0,
        0,
        0,
        0
      ],
      [
        34,
        0,
        0,
        0,
        65,
        0,
        0,
        1
      ],
      [
        11,
        1,
        1,
        4,
        8,
        73,
        0,
        2
      ],
      [
        2,
        0,
        3,
        0,
        0,
        0,
        95,
        0
      ],
      [
        0,
        0,
        0,
        0,
        0,
        0,
        0,
        0
      ]
    ],
    "n": 700
  }
}