{
  "model": "claude-opus-4-7",
  "split": "test",
  "n": 700,
  "wc": {
    "accuracy": 0.7471428571428571,
    "macro_f1": 0.7445714615389808,
    "confusion_matrix": [
      [
        98,
        0,
        1,
        0,
        1,
        0,
        0,
        0
      ],
      [
        1,
        99,
        0,
        0,
        0,
        0,
        0,
        0
      ],
      [
        29,
        0,
        70,
        1,
        0,
        0,
        0,
        0
      ],
      [
        6,
        1,
        58,
        34,
        0,
        0,
        1,
        0
      ],
      [
        32,
        0,
        0,
        0,
        68,
        0,
        0,
        0
      ],
      [
        21,
        0,
        4,
        7,
        8,
        59,
        1,
        0
      ],
      [
        0,
        0,
        3,
        1,
        0,
        1,
        95,
        0
      ],
      [
        0,
        0,
        0,
        0,
        0,
        0,
        0,
        0
      ]
    ],
    "n": 700
  }
}