{
  "model": "gpt-5.5",
  "split": "test",
  "n": 700,
  "wc": {
    "accuracy": 0.7185714285714285,
    "macro_f1": 0.7220823461544414,
    "confusion_matrix": [
      [
        97,
        0,
        2,
        0,
        1,
        0,
        0,
        0
      ],
      [
        1,
        99,
        0,
        0,
        0,
        0,
        0,
        0
      ],
      [
        31,
        0,
        62,
        6,
        1,
        0,
        0,
        0
      ],
      [
        12,
        2,
        50,
        35,
        1,
        0,
        0,
        0
      ],
      [
        33,
        0,
        0,
        0,
        67,
        0,
        0,
        0
      ],
      [
        25,
        0,
        0,
        2,
        9,
        61,
        1,
        2
      ],
      [
        7,
        0,
        2,
        8,
        0,
        1,
        82,
        0
      ],
      [
        0,
        0,
        0,
        0,
        0,
        0,
        0,
        0
      ]
    ],
    "n": 700
  }
}